 [{
     "assetUrl": "assets/images/assets/1.png",
     "assetName": "Chair",
     "assetSubCategory": "Furniture",
     "assetCategory": ["Home", "Salon", "Hotel"],
     "assetTheme": ["Modern", "Contemporary", "NewEra", "Vintage"],
     "assetRoomType": ["Dining", "Kitchen", "Reception", "Restaurant", "Banquet"]

 }, {
     "assetUrl": "assets/images/assets/2.png",
     "assetName": " Office-Chair",
     "assetSubCategory": "Furniture",
     "assetCategory": ["Home", "Salon", "Hotel"],
     "assetTheme": ["Modern", "Newera"],
     "assetRoomType": ["Kitchen", "Reception", "Restaurant"]

 }, {
     "assetUrl": "assets/images/assets/3.png",
     "assetName": "Dinining-Table",
     "assetSubCategory": "Furniture",
     "assetCategory": ["Home", "Hotel"],
     "assetTheme": ["Modern"],
     "assetRoomType": ["Kitchen", "Restaurant", "Banquet"]

 }, {
     "assetUrl": "assets/images/assets/4.png",
     "assetName": "White-Sofa",
     "assetSubCategory": "Furniture",
     "assetCategory": ["Home", "Salon", "Hotel"],
     "assetTheme": ["Modern"],
     "assetRoomType": ["Living", "Reception"]

 }, {
     "assetUrl": "assets/images/assets/5.png",
     "assetName": "V-Chair",
     "assetSubCategory": "Furniture",
     "assetCategory": ["Salon"],
     "assetTheme": ["Vintage"],
     "assetRoomType": ["Backbae"]

 }, {
     "assetUrl": "assets/images/assets/6.png",
     "assetName": "Bookshelf",
     "assetSubCategory": "Furniture",
     "assetCategory": ["Home", "Hotel"],
     "assetTheme": ["Newera", "Contemporary"],
     "assetRoomType": ["Living", "Reception", "Hotelroom", "Backbae"]

 }, {
     "assetUrl": "assets/images/assets/7.png",
     "assetName": "Dressingtable",
     "assetSubCategory": "Furniture",
     "assetCategory": ["Hotel", "Home"],
     "assetTheme": ["Modern", "Newera"],
     "assetRoomType": ["Kitchen"]

 }, {
     "assetUrl": "assets/images/assets/8.png",
     "assetName": "Corner-Table",
     "assetSubCategory": "Furniture",
     "assetCategory": ["Hotel", "Home", "Salon"],
     "assetTheme": ["Modern", "Contemporary"],
     "assetRoomType": ["Banquet", "Restuarant"]

 }, {
     "assetUrl": "assets/images/assets/9.png",
     "assetName": "Washbasin",
     "assetSubCategory": "Hardware",
     "assetCategory": ["Home", "Hotel", "Salon"],
     "assetTheme": ["Modern"],
     "assetRoomType": ["Restaurant", "Backbae", "Hotelroom", "Kitchen", "Dining", "Drawing"]

 }, {
     "assetUrl": "assets/images/assets/11.png",
     "assetName": "Cupboard-Washbasin",
     "assetSubCategory": "Hardware",
     "assetCategory": ["Hotel", "Home"],
     "assetTheme": ["Contemporary", "Newera"],
     "assetRoomType": ["Hotelroom", "Living"]

 }, {
     "assetUrl": "assets/images/assets/10.png",
     "assetName": "Foosball",
     "assetSubCategory": "Decor",
     "assetCategory": ["Home", "Hotel"],
     "assetTheme": ["Modern"],
     "assetRoomType": ["Drawing", "Living", "Reception"]

 }, {
     "assetUrl": "assets/images/assets/12.png",
     "assetName": "Sofa",
     "assetSubCategory": "Furniture",
     "assetCategory": ["Hotel", "Salon"],
     "assetTheme": ["Modern"],
     "assetRoomType": ["Reception", "Banquet"]

 }, {
     "assetUrl": "assets/images/assets/13.png",
     "assetName": "Teapoy",
     "assetSubCategory": "Furniture",
     "assetCategory": ["Home", "Hotel", "Salon"],
     "assetTheme": ["Vintage"],
     "assetRoomType": ["Living", "Reception", "Hotelroom"]

 }, {
     "assetUrl": "assets/images/assets/14.png",
     "assetName": "Sidetable",
     "assetSubCategory": "Furniture",
     "assetCategory": ["Home"],
     "assetTheme": ["Newera", "Vintage"],
     "assetRoomType": ["Living", "Drawing"]

 }, {
     "assetUrl": "assets/images/assets/15.png",
     "assetName": "Teapoy",
     "assetSubCategory": "Furniture",
     "assetCategory": ["Home", "Hotel"],
     "assetTheme": ["Contemporary", "Vintage"],
     "assetRoomType": ["Living", "Drawing", "Hotelroom", "Reception"]
 }]