 [{

     "question": "How to go to the Home page?",
     "answer": "Click on the VR logo and hover back to the home page whenever needed.",
     "state": "true"
 }, {
     "question": "How to go to different options in Home page?",
     "answer": "Click on navigation bar in the top to go to different options.",
     "state": "true"
 }, {
     "question": "How to go to logOut from the Home page?",
     "answer": "Hover to the Name on right top navigation bar ,and Logout button would be seen.",
     "state": "true"
 }, {
     "question": "Why is the pic not loading in the left navigation bar?",
     "answer": "The pic takes time to load.We are working on it and soon would be resolved.",
     "state": "true"
 }, {
     "question": "How to go to create page?",
     "answer": "Click on create from Scratch and then Create on.",
     "state": "true"
 }, {
     "question": "How to choose different themes?",
     "answer": "Go through the Create from scratch and then you can choose the themes.",
     "state": "true"
 }, {
     "question": "How to go to create design?",
     "answer": "Go through the steps of the Create Page on after the other and you would be in Design Page",
     "state": "true"
 }, {
     "question": "How to make a design using the Design Page?",
     "answer": "First click on the room you want to design on,then click on the assets and position them on the room and save it.",
     "state": "true"
 }, {
     "question": "Can I edit the Saved Design?",
     "answer": "Yes,you can edit the saved design by clicking on the Saved Designs option.",
     "state": "true"
 }, {
     "question": "How to edit a particular Design?",
     "answer": "When you open the Saved Design then you would be able to see your design.Just click on Edit.",
     "state": "true"
 }, {
     "question": "Can I delete my Saved Design?",
     "answer": "When you open the Saved Design then you would be able to see your design.Just click on Delete.",
     "state": "true"
 }, {
     "question": "Can I save my Design as Photo?",
     "answer": "After completion of the design ,just click on the save button,then enter the name of design and click on download.",
     "state": "true"
 }, {
     "question": "Can I add Assets to Favourites?",
     "answer": "Yes! Click on Add to Favourites to add you asset to favourites.",
     "state": "true"
 }, {
     "question": "Can I view other Assets in the Asset Page?",
     "answer": "Yes you can,by scrolling through the different assets given below each Asset Page.",
     "state": "true"
 }, {
     "question": "Can I restrict my Assets according to different Themes?",
     "answer": "You can toggle through the options in the Asset Page and see only those assets that you want.",
     "state": "true"
 }, {
     "question": "Can I use my Favourites Assets in Design Page?",
     "answer": "Yes! Just change the tab to Favourites in the Design page to use your favourite assets in Design Page.",
     "state": "true"
 }]