[{
    "roomName": "Living",
    "id": "livingSwitch",
    "checked": false,
    "name": "Living",
    "labelFor": "livingSwitch"
}, {
    "roomName": "Kitchen",
    "id": "kitchenSwitch",
    "checked": false,
    "name": "Kitchen",
    "labelFor": "kitchenSwitch"
}, {
    "roomName": "Drawing",
    "id": "drawingSwitch",
    "checked": false,
    "name": "Drawing",
    "labelFor": "drawingSwitch"
}, {
    "roomName": "Dining",
    "id": "diningSwitch",
    "checked": false,
    "name": "Dining",
    "labelFor": "diningSwitch"
}, {
    "roomName": "Bedroom",
    "id": "bedroomSwitch",
    "checked": false,
    "name": "Bedroom",
    "labelFor": "bedroomSwitch"
}]