 [{
     "roomUrl": "assets/images/rooms/11.jpg",
     "roomCategory": ["Home", "Salon", "Hotel"],
     "roomTheme": ["Modern", "Contemporary", "NewEra", "Vintage"],
     "roomTypeName": ["Dining", "Drawing", "Reception", "Restaurant", "Kitchen"]

 }, {
     "roomUrl": "assets/images/rooms/22.jpg",
     "roomCategory": ["Home", "Salon", "Hotel"],
     "roomTheme": ["Modern", "NewEra"],
     "roomTypeName": ["Drawing", "Reception", "Kitchen"]

 }, {
     "roomUrl": "assets/images/rooms/33.jpg",
     "roomCategory": ["Home", "Hotel"],
     "roomTheme": ["Modern"],
     "roomTypeName": ["Dining", "Restaurant", "Banquet"]

 }, {
     "roomUrl": "assets/images/rooms/44.jpg",
     "roomCategory": ["Home", "Salon", "Hotel"],
     "roomTheme": ["Modern"],
     "roomTypeName": ["Kitchen", "Reception"]

 }, {
     "roomUrl": "assets/images/rooms/55.jpg",
     "roomCategory": ["Salon"],
     "roomTheme": ["Vintage"],
     "roomTypeName": ["Backbae"]

 }, {
     "roomUrl": "assets/images/rooms/66.jpg",
     "roomCategory": ["Home", "Hotel"],
     "roomTheme": ["NewEra", "Contemporary"],
     "roomTypeName": ["Kitchen", "Reception", "Hotelroom", "Backbae"]

 }, {
     "roomUrl": "assets/images/rooms/77.jpg",
     "roomCategory": ["Hotel", "Home"],
     "roomTheme": ["Modern", "NewEra"],
     "roomTypeName": ["Banquet"]

 }, {
     "roomUrl": "assets/images/rooms/88.jpg",
     "roomCategory": ["Hotel", "Home", "Salon"],
     "roomTheme": ["Modern", "Contemporary"],
     "roomTypeName": ["Banquet", "Restuarant"]

 }, {
     "roomUrl": "assets/images/rooms/99.jpg",
     "roomCategory": ["Home", "Hotel", "Salon"],
     "roomTheme": ["Modern"],
     "roomTypeName": ["Restaurant", "Backbae", "Hotelroom", "Kitchen", "Dining", "Drawing"]

 }, {
     "roomUrl": "assets/images/rooms/11.jpg",
     "roomCategory": ["Hotel", "Home"],
     "roomTheme": ["Contemporary", "NewEra"],
     "roomTypeName": ["Hotelroom", "Living"]

 }, {
     "roomUrl": "assets/images/rooms/22.jpg",
     "roomCategory": ["Home", "Hotel"],
     "roomTheme": ["Modern"],
     "roomTypeName": ["Drawing", "Kitchen", "Reception"]

 }, {
     "roomUrl": "assets/images/rooms/33.jpg",
     "roomCategory": ["Hotel", "Salon"],
     "roomTheme": ["Modern"],
     "roomTypeName": ["Reception", "Banquet"]

 }, {
     "roomUrl": "assets/images/rooms/44.jpg",
     "roomCategory": ["Home", "Hotel", "Salon"],
     "roomTheme": ["Vintage"],
     "roomTypeName": ["Living", "Reception", "Hotelroom"]

 }, {
     "roomUrl": "assets/images/rooms/55.jpg",
     "roomCategory": ["home"],
     "roomTheme": ["NewEra", "Vintage"],
     "roomTypeName": ["Living", "Drawing"]

 }, {
     "roomUrl": "assets/images/rooms/66.jpg",
     "roomCategory": ["Home", "Hotel"],
     "roomTheme": ["contemporary", "vintage"],
     "roomTypeName": ["Living", "Drawing", "Hotelroom", "Reception"]
 }]