[{
    "category": "Salon",
    "categoryImg": "assets/images/cat2.jpg",
    "categoryDescription": "Designing for business purposes"
}, {
    "category": "Home",
    "categoryImg": "assets/images/cat1.jpg",
    "categoryDescription": "Designing for personal house"
}, {
    "category": "Hotel",
    "categoryImg": "assets/images/cat2.jpg ",
    "categoryDescription": "Designing rooms for hotels"
}, {
    "category": "Coming Soon",
    "categoryImg": "assets/images/images.png ",
    "categoryDescription": "We are coming soon. Stay Tuned!"
}]