[{
    "theme": "Modern",
    "themeImg": "assets/images/modern.jpg ",
    "themeDescription": "We are coming soon. Stay Tuned!"
}, {
    "theme": "Contemporary",
    "themeImg": "assets/images/contemporary.jpg",
    "themeDescription": "We are coming soon. Stay Tuned!"
}, {
    "theme": "New Era",
    "themeImg": "assets/images/newEra.jpg",
    "themeDescription": "We are coming soon. Stay Tuned!"
}, {
    "theme": "Vintage",
    "themeImg": "assets/images/vintage.jpg",
    "themeDescription": "We are coming soon. Stay Tuned!"
}, {
    "theme": "Coming Soon",
    "themeImg": "assets/images/images.png ",
    "themeDescription": "We are coming soon. Stay Tuned!"
}]