[{
    "roomName": "Living",
    "id": "livingSwitch",
    "name": "living",
    "labelFor": "livingSwitch"
}, {
    "roomName": "Kitchen",
    "id": "kitchenSwitch",
    "name": "kitchen",
    "labelFor": "kitchenSwitch"
}, {
    "roomName": "Drawing",
    "id": "drawingSwitch",
    "name": "drawing",
    "labelFor": "drawingSwitch"
}, {
    "roomName": "Dining",
    "id": "diningSwitch",
    "name": "dining",
    "labelFor": "diningSwitch"
}, {
    "roomName": "Bedroom",
    "id": "bedroomSwitch",
    "name": "bedroom",
    "labelFor": "bedroomSwitch"
}]