[{
    "MID": "M1037449",
    "favouriteAssets": [{
        "assetUrl": "assets/images/assets/11.png",
        "assetName": "Chair",
        "assetSubCategory": "Furniture",
        "assetCategory": ["Home"],
        "assetTheme": ["Modern"],
        "assetRoomType": ["Dining"]
    }, {
        "assetUrl": "assets/images/assets/12.png",
        "assetName": "Chair",
        "assetSubCategory": "Furniture",
        "assetCategory": ["Home"],
        "assetTheme": ["Modern"],
        "assetRoomType": ["Dining"]
    }, {
        "assetUrl": "assets/images/assets/13.png",
        "assetName": "Chair",
        "assetSubCategory": "Furniture",
        "assetCategory": ["Home"],
        "assetTheme": ["Modern"],
        "assetRoomType": ["Dining"]
    }, {
        "assetUrl": "assets/images/assets/14.png",
        "assetName": "Chair",
        "assetSubCategory": "Furniture",
        "assetCategory": ["Home"],
        "assetTheme": ["Modern"],
        "assetRoomType": ["Dining"]
    }],
    "Designs": [{
        "designEditable": "true",
        "designAccess": "Private",
        "designName": "My Home",
        "designDate": "Sep 23, 2016",
        "designRoom": {
            "roomUrl": "assets/images/rooms/22.jpg",
            "roomCategory": "Hotel",
            "roomTheme": "Modern",
            "roomTypeName": "Drawing"
        },
        "designAssets": [{
            "asset": {
                "assetUrl": "assets/images/assets/1.png",
                "assetName": "Chair",
                "assetSubCategory": "Furniture",
                "assetCategory": ["Home", "Hotel"],
                "assetTheme": ["Modern"],
                "assetRoomType": ["Dining", "Drawing"]
            },
            "position": {
                "coordinates": [420, 280],
                "scale": [200, 170],
                "rotation": 45
            }
        }, {
            "asset": {
                "assetUrl": "assets/images/assets/10.png",
                "assetName": "Chair",
                "assetSubCategory": "Furniture",
                "assetCategory": ["Hotel"],
                "assetTheme": ["Modern"],
                "assetRoomType": ["Dining", "Drawing"]
            },
            "position": {
                "coordinates": [300, 100],
                "scale": [200, 300],
                "rotation": 76
            }
        }, {
            "asset": {
                "assetUrl": "assets/images/assets/11.png",
                "assetName": "chair",
                "assetSubCategory": "furniture",
                "assetCategory": ["Home", "Hotel"],
                "assetTheme": ["Modern"],
                "assetRoomType": ["Dining", "Drawing"]
            },
            "position": {
                "coordinates": [20, 20],
                "scale": [300, 200],
                "rotation": 90
            }
        }]
    }, {
        "designEditable": "true",
        "designAccess": "Public",
        "designName": "My Office",
        "designDate": "Nov 23, 2016",
        "designRoom": {
            "roomUrl": "assets/images/rooms/33.jpg",
            "roomCategory": "Hotel",
            "roomTheme": "Modern",
            "roomTypeName": "Drawing"
        },
        "designAssets": [{
            "asset": {
                "assetUrl": "assets/images/assets/12.png",
                "assetName": "Chair",
                "assetSubCategory": "Furniture",
                "assetCategory": ["Home", "Hotel"],
                "assetTheme": ["Modern"],
                "assetRoomType": ["Dining", "Drawing"]
            },
            "position": {
                "coordinates": [420, 580],
                "scale": [320, 160],
                "rotation": 20
            }
        }, {
            "asset": {
                "assetUrl": "assets/images/assets/13.png",
                "assetName": "Chair",
                "assetSubCategory": "Furniture",
                "assetCategory": ["Home", "Hotel"],
                "assetTheme": ["Modern"],
                "assetRoomType": ["Dining", "Drawing"]
            },
            "position": {
                "coordinates": [300, 100],
                "scale": [200, 300],
                "rotation": 10
            }
        }, {
            "asset": {
                "assetUrl": "assets/images/assets/14.png",
                "assetName": "Chair",
                "assetSubCategory": "Furniture",
                "assetCategory": ["Home", "Hotel"],
                "assetTheme": ["Modern"],
                "assetRoomType": ["Dining", "Drawing"]
            },
            "position": {
                "coordinates": [20, 20],
                "scale": [300, 200],
                "rotation": 30
            }
        }]
    }]
}, {
    "MID": "M1037565",
    "favouriteAssets": [{
        "assetUrl": "assets/images/assets/3.png",
        "assetName": "Chair",
        "assetSubCategory": "Furniture",
        "assetCategory": ["Home"],
        "assetTheme": ["Modern"],
        "assetRoomType": ["Dining"]
    }, {
        "assetUrl": "assets/images/assets/14.png",
        "assetName": "Table",
        "assetSubCategory": "Furniture",
        "assetCategory": ["Home"],
        "assetTheme": ["Modern"],
        "assetRoomType": ["living"]
    }, {
        "assetUrl": "assets/images/assets/13.png",
        "assetName": "Chair",
        "assetSubCategory": "Furniture",
        "assetCategory": ["Home"],
        "assetTheme": ["Modern"],
        "assetRoomType": ["Dining"]
    }, {
        "assetUrl": "assets/images/assets/15.png",
        "assetName": "Table",
        "assetSubCategory": "Furniture",
        "assetCategory": ["Home"],
        "assetTheme": ["Modern"],
        "assetRoomType": ["living"]
    }],
    "Designs": [{
        "designEditable": "true",
        "designAccess": "Private",
        "designName": "My Home",
        "designDate": "Sep 23, 2016",
        "designRoom": {
            "roomUrl": "assets/images/rooms/11.jpg",
            "roomCategory": "Hotel",
            "roomTheme": "Modern",
            "roomTypeName": "Drawing"
        },
        "designAssets": [{
            "asset": {
                "assetUrl": "assets/images/assets/1.png",
                "assetName": "Chair",
                "assetSubCategory": "Furniture",
                "assetCategory": ["Home", "Hotel"],
                "assetTheme": ["Modern"],
                "assetRoomType": ["Dining", "Drawing"]
            },
            "position": {
                "coordinates": [420, 280],
                "scale": [100, 170],
                "rotation": 15
            }
        }, {
            "asset": {
                "assetUrl": "assets/images/assets/10.png",
                "assetName": "Chair",
                "assetSubCategory": "Furniture",
                "assetCategory": ["Hotel"],
                "assetTheme": ["Modern"],
                "assetRoomType": ["Dining", "Drawing"]
            },
            "position": {
                "coordinates": [300, 100],
                "scale": [200, 300],
                "rotation": 46
            }
        }, {
            "asset": {
                "assetUrl": "assets/images/assets/9.png",
                "assetName": "Basin",
                "assetSubCategory": "furniture",
                "assetCategory": ["Home", "Hotel"],
                "assetTheme": ["Modern"],
                "assetRoomType": ["Dining", "Drawing"]
            },
            "position": {
                "coordinates": [20, 20],
                "scale": [300, 200],
                "rotation": 90
            }
        }]
    }, {
        "designEditable": "true",
        "designAccess": "Public",
        "designName": "New Home",
        "designDate": "Dec 12, 2016",
        "designRoom": {
            "roomUrl": "assets/images/rooms/33.jpg",
            "roomCategory": "Hotel",
            "roomTheme": "Modern",
            "roomTypeName": "Drawing"
        },
        "designAssets": [{
            "asset": {
                "assetUrl": "assets/images/assets/12.png",
                "assetName": "Chair",
                "assetSubCategory": "Furniture",
                "assetCategory": ["Home", "Hotel"],
                "assetTheme": ["Modern"],
                "assetRoomType": ["Dining", "Drawing"]
            },
            "position": {
                "coordinates": [420, 580],
                "scale": [320, 160],
                "rotation": 20
            }
        }, {
            "asset": {
                "assetUrl": "assets/images/assets/13.png",
                "assetName": "Chair",
                "assetSubCategory": "Furniture",
                "assetCategory": ["Home", "Hotel"],
                "assetTheme": ["Modern"],
                "assetRoomType": ["Dining", "Drawing"]
            },
            "position": {
                "coordinates": [300, 100],
                "scale": [200, 300],
                "rotation": 10
            }
        }, {
            "asset": {
                "assetUrl": "assets/images/assets/14.png",
                "assetName": "Chair",
                "assetSubCategory": "Furniture",
                "assetCategory": ["Home", "Hotel"],
                "assetTheme": ["Modern"],
                "assetRoomType": ["Dining", "Drawing"]
            },
            "position": {
                "coordinates": [20, 20],
                "scale": [300, 200],
                "rotation": 30
            }
        }]
    }]
}, {
    "MID": "",
    "favouriteAssets": [{

    }],
    "Designs": [{

    }]
}, {
    "MID": "",
    "favouriteAssets": [{

    }],
    "Designs": [{

    }]
}]