[{
    "room": "Kitchen",
    "roomDescription": "Designing for business purposes",
    "category": "Home",
    "theme": {
        "Modern": "assets/images/home/kitchen/modern/kitchen.jpg ",
        "Contemporary": "assets/images/home/kitchen/contemporary/kitchen.jpg",
        "New Era": "assets/images/home/kitchen/newEra/kitchen.jpg",
        "Vintage": "assets/images/home/kitchen/vintage/kitchen.jpg"
    }
}, {
    "room": "Living Room",
    "roomDescription": "Designing for personal house",
    "category": "Home",
    "theme": {
        "Modern": "assets/images/home/living/modern/living.jpeg ",
        "Contemporary": "assets/images/home/living/contemporary/living.jpeg",
        "New Era": "assets/images/home/living/newEra/living.jpeg",
        "Vintage": "assets/images/home/living/vintage/living.jpeg"
    }
}, {
    "room": "Dining Room",
    "roomDescription": "Designing rooms for hotels",
    "category": "Home",
    "theme": {
        "Modern": "assets/images/home/dining/modern/dining.jpg ",
        "Contemporary": "assets/images/home/dining/contemporary/dining.jpg",
        "New Era": "assets/images/home/dining/newEra/dining.jpg",
        "Vintage": "assets/images/home/dining/vintage/dining.jpg"
    }
}, {
    "room": "Bedroom",
    "roomDescription": "We are coming soon. Stay Tuned!",
    "category": "Home",
    "theme": {
        "Modern": "assets/images/home/bedroom/modern/bedroom.jpg ",
        "Contemporary": "assets/images/home/bedroom/contemporary/bedroom.jpg",
        "New Era": "assets/images/home/bedroom/newEra/bedroom.jpg",
        "Vintage": "assets/images/home/bedroom/vintage/bedroom.jpg"
    }
}, {
    "room": "Reception",
    "roomDescription": "Designing for business purposes",
    "category": "Hotel",
    "theme": {
        "Modern": "assets/images/hotel/reception/modern/reception.jpg ",
        "Contemporary": "assets/images/hotel/reception/contemporary/reception.jpg",
        "New Era": "assets/images/hotel/reception/newEra/reception.jpg",
        "Vintage": "assets/images/hotel/reception/vintage/reception.jpg"
    }
}, {
    "room": "Banquet",
    "roomDescription": "Designing for personal house",
    "category": "Hotel",
    "theme": {
        "Modern": "assets/images/hotel/banquet/modern/banquet.jpg ",
        "Contemporary": "assets/images/hotel/banquet/contemporary/banquet.jpg",
        "New Era": "assets/images/hotel/banquet/newEra/banquet.jpg",
        "Vintage": "assets/images/hotel/banquet/vintage/banquet.jpg"
    }
}, {
    "room": "Hotel Room",
    "roomDescription": "Designing rooms for hotels",
    "category": "Hotel",
    "theme": {
        "Modern": "assets/images/hotel/room/modern/room.jpg ",
        "Contemporary": "assets/images/hotel/room/contemporary/room.jpg",
        "New Era": "assets/images/hotel/room/newEra/room.jpg",
        "Vintage": "assets/images/hotel/room/vintage/room.jpg"
    }
}, {
    "room": "Restaurant",
    "roomDescription": "We are coming soon. Stay Tuned!",
    "category": "Hotel",
    "theme": {
        "Modern": "assets/images/hotel/restro/modern/restro.jpg ",
        "Contemporary": "assets/images/hotel/restro/contemporary/restro.jpg",
        "New Era": "assets/images/hotel/restro/newEra/restro.jpg",
        "Vintage": "assets/images/hotel/restro/vintage/restro.jpg"
    }
}, {
    "room": "Reception",
    "roomDescription": "Designing for business purposes",
    "category": "Salon",
    "theme": {
        "Modern": "assets/images/salon/reception/modern/reception.jpg ",
        "Contemporary": "assets/images/salon/reception/contemporary/reception.jpg",
        "New Era": "assets/images/salon/reception/newEra/reception.jpg",
        "Vintage": "assets/images/salon/reception/vintage/reception.jpg"
    }
}, {
    "room": "Workspace",
    "roomDescription": "Designing for personal house",
    "category": "Salon",
    "theme": {
        "Modern": "assets/images/salon/workspace/modern/workspace.jpg ",
        "Contemporary": "assets/images/salon/workspace/contemporary/workspace.jpg",
        "New Era": "assets/images/salon/workspace/newEra/workspace.jpg",
        "Vintage": "assets/images/salon/workspace/vintage/workspace.jpg"
    }
}, {
    "room": "Backbay",
    "roomDescription": "Designing rooms for hotels",
    "category": "Salon",
    "theme": {
        "Modern": "assets/images/salon/backbay/modern/backbay.jpg ",
        "Contemporary": "assets/images/salon/backbay/contemporary/backbay.jpg",
        "New Era": "assets/images/salon/backbay/newEra/backbay.jpg",
        "Vintage": "assets/images/salon/backbay/vintage/backbay.jpg"
    }
}]